<?xml version="1.0" encoding="ISO-8859-1"?>
<NETSIM_ANIMATION>
 <!--NETSIM_ANIMATION-->
 <MENU NAME="Link Throughput" isNewScreen="false">
  <MENU NAME="Link_1_Throughput (Bi-directional Aggregated)" isNewScreen="true" FileName="C:\Users\CBEN~4.U4C\AppData\Local\Temp\NetSim/std_13.2/\plot_Link_1_Throughput (Bi-directional Aggregated).txt" Type="2dplot"/>
  <MENU NAME="Link_2_Throughput (Bi-directional Aggregated)" isNewScreen="true" FileName="C:\Users\CBEN~4.U4C\AppData\Local\Temp\NetSim/std_13.2/\plot_Link_2_Throughput (Bi-directional Aggregated).txt" Type="2dplot"/>
  <MENU NAME="Link_3_Throughput (Bi-directional Aggregated)" isNewScreen="true" FileName="C:\Users\CBEN~4.U4C\AppData\Local\Temp\NetSim/std_13.2/\plot_Link_3_Throughput (Bi-directional Aggregated).txt" Type="2dplot"/>
  <MENU NAME="Link_4_Throughput (Bi-directional Aggregated)" isNewScreen="true" FileName="C:\Users\CBEN~4.U4C\AppData\Local\Temp\NetSim/std_13.2/\plot_Link_4_Throughput (Bi-directional Aggregated).txt" Type="2dplot"/>
 </MENU>
 <MENU NAME="IP Table" isNewScreen="false">
  <MENU NAME="UE_1" isNewScreen="true" FileName="Animation_UE_1.txt" Type="table"/>
  <MENU NAME="EPC_3" isNewScreen="true" FileName="Animation_EPC_3.txt" Type="table"/>
  <MENU NAME="ROUTER_4" isNewScreen="true" FileName="Animation_ROUTER_4.txt" Type="table"/>
  <MENU NAME="WIRED_NODE_5" isNewScreen="true" FileName="Animation_WIRED_NODE_5.txt" Type="table"/>
  <MENU NAME="UE_1_6" isNewScreen="true" FileName="Animation_UE_1_6.txt" Type="table"/>
  <MENU NAME="UE_1_7" isNewScreen="true" FileName="Animation_UE_1_7.txt" Type="table"/>
  <MENU NAME="UE_1_10" isNewScreen="true" FileName="Animation_UE_1_10.txt" Type="table"/>
  <MENU NAME="UE_1_11" isNewScreen="true" FileName="Animation_UE_1_11.txt" Type="table"/>
  <MENU NAME="UE_1_12" isNewScreen="true" FileName="Animation_UE_1_12.txt" Type="table"/>
  <MENU NAME="UE_1_13" isNewScreen="true" FileName="Animation_UE_1_13.txt" Type="table"/>
  <MENU NAME="UE_1_14" isNewScreen="true" FileName="Animation_UE_1_14.txt" Type="table"/>
  <MENU NAME="UE_1_15" isNewScreen="true" FileName="Animation_UE_1_15.txt" Type="table"/>
 </MENU>
 <MENU NAME="Node Movement" isNewScreen="false" FileName="Animation_Node_Movement.txt" Type="generic"/>
 <MENU NAME="Application Throughput" isNewScreen="false">
  <MENU NAME="App1_CBR_Throughput" isNewScreen="true" FileName="C:\Users\CBEN~4.U4C\AppData\Local\Temp\NetSim/std_13.2/\plot_App1_CBR_Throughput.txt" Type="2dplot"/>
 </MENU>
 <MENU NAME="Transmit_packet" isNewScreen="false" FileName="Animation_Transmit_packet.txt" Type="generic"/>
</NETSIM_ANIMATION>
