<?xml version="1.0" encoding="ISO-8859-1"?>
<NetSim_Metrics>
 <!--NETSIM_METRICS-->
 <MENU Name="Link_Metrics">
  <TABLE name="Link_Metrics">
   <TH name="Link ID" isShow="true"/>
   <TH name="Link Throughput Plot" isShow="true"/>
   <TH name="Packets Transmitted" isShow="true">
    <TH name="Data"/>
    <TH name="Control"/>
   </TH>
   <TH name="Packets Errored" isShow="true">
    <TH name="Data"/>
    <TH name="Control"/>
   </TH>
   <TH name="Packets Collided" isShow="true">
    <TH name="Data"/>
    <TH name="Control"/>
   </TH>
   <TH name="Bytes Transmitted(bytes)" isShow="false"/>
   <TH name="Payload Transmitted(bytes)" isShow="false"/>
   <TH name="Overhead Transmitted(bytes)" isShow="false"/>
   <TR>
    <TC Value="All"/>
    <TC Value="NA"/>
    <TC Value="224640"/>
    <TC Value="83"/>
    <TC Value="160"/>
    <TC Value="0"/>
    <TC Value="0"/>
    <TC Value="0"/>
    <TC Value="331546504"/>
    <TC Value="327740800"/>
    <TC Value="3805704"/>
   </TR>
   <TR>
    <TC Value="1"/>
    <TC>
     <LINK onClick="Link_1_Throughput" name="Link_throughput"/>
    </TC>
    <TC Value="68166"/>
    <TC Value="0"/>
    <TC Value="79"/>
    <TC Value="0"/>
    <TC Value="0"/>
    <TC Value="0"/>
    <TC Value="101840004"/>
    <TC Value="99407020"/>
    <TC Value="2432984"/>
   </TR>
   <TR>
    <TC Value="2"/>
    <TC>
     <LINK onClick="Link_2_Throughput" name="Link_throughput"/>
    </TC>
    <TC Value="68247"/>
    <TC Value="33"/>
    <TC Value="81"/>
    <TC Value="0"/>
    <TC Value="0"/>
    <TC Value="0"/>
    <TC Value="100188864"/>
    <TC Value="99522360"/>
    <TC Value="666504"/>
   </TR>
   <TR>
    <TC Value="3"/>
    <TC>
     <LINK onClick="Link_3_Throughput" name="Link_throughput"/>
    </TC>
    <TC Value="88227"/>
    <TC Value="28"/>
    <TC Value="0"/>
    <TC Value="0"/>
    <TC Value="0"/>
    <TC Value="0"/>
    <TC Value="129517460"/>
    <TC Value="128811420"/>
    <TC Value="706040"/>
   </TR>
   <TR>
    <TC Value="4"/>
    <TC>
     <LINK onClick="Link_4_Throughput" name="Link_throughput"/>
    </TC>
    <TC Value="0"/>
    <TC Value="0"/>
    <TC Value="0"/>
    <TC Value="0"/>
    <TC Value="0"/>
    <TC Value="0"/>
    <TC Value="0"/>
    <TC Value="0"/>
    <TC Value="0"/>
   </TR>
   <TR>
    <TC Value="5"/>
    <TC Value="NA"/>
    <TC Value="0"/>
    <TC Value="12"/>
    <TC Value="0"/>
    <TC Value="0"/>
    <TC Value="0"/>
    <TC Value="0"/>
    <TC Value="96"/>
    <TC Value="0"/>
    <TC Value="96"/>
   </TR>
   <TR>
    <TC Value="6"/>
    <TC Value="NA"/>
    <TC Value="0"/>
    <TC Value="10"/>
    <TC Value="0"/>
    <TC Value="0"/>
    <TC Value="0"/>
    <TC Value="0"/>
    <TC Value="80"/>
    <TC Value="0"/>
    <TC Value="80"/>
   </TR>
   <TR>
    <TC Value="7"/>
    <TC Value="NA"/>
    <TC Value="0"/>
    <TC Value="0"/>
    <TC Value="0"/>
    <TC Value="0"/>
    <TC Value="0"/>
    <TC Value="0"/>
    <TC Value="0"/>
    <TC Value="0"/>
    <TC Value="0"/>
   </TR>
   <TR>
    <TC Value="8"/>
    <TC Value="NA"/>
    <TC Value="0"/>
    <TC Value="0"/>
    <TC Value="0"/>
    <TC Value="0"/>
    <TC Value="0"/>
    <TC Value="0"/>
    <TC Value="0"/>
    <TC Value="0"/>
    <TC Value="0"/>
   </TR>
  </TABLE>
 </MENU>
 <MENU Name="Queue_Metrics">
  <TABLE name="Queue_Metrics">
   <TH name="Device_id" isShow="true"/>
   <TH name="Port_id" isShow="true"/>
   <TH name="Queued_packet" isShow="true"/>
   <TH name="Dequeued_packet" isShow="true"/>
   <TH name="Dropped_packet" isShow="true"/>
   <TR>
    <TC Value="3"/>
    <TC Value="1"/>
    <TC Value="68263"/>
    <TC Value="68263"/>
    <TC Value="0"/>
   </TR>
   <TR>
    <TC Value="4"/>
    <TC Value="2"/>
    <TC Value="17"/>
    <TC Value="17"/>
    <TC Value="0"/>
   </TR>
  </TABLE>
 </MENU>
 <MENU Name="TCP_Metrics">
  <TABLE name="TCP_Metrics">
   <TH name="Source" isShow="true"/>
   <TH name="Destination" isShow="true"/>
   <TH name="Local Address" isShow="false"/>
   <TH name="Remote Address" isShow="false"/>
   <TH name="Syn Sent" isShow="false"/>
   <TH name="Syn-Ack Sent" isShow="false"/>
   <TH name="Segment Sent" isShow="true"/>
   <TH name="Segment Received" isShow="true"/>
   <TH name="Segment Retransmitted" isShow="false"/>
   <TH name="Ack Sent" isShow="true"/>
   <TH name="Ack Received" isShow="true"/>
   <TH name="Duplicate segment received" isShow="false"/>
   <TH name="Out of order segment received" isShow="false"/>
   <TH name="Duplicate ack received" isShow="true"/>
   <TH name="Times RTO expired" isShow="false"/>
   <TR>
    <TC Value="UE_1"/>
    <TC Value="ANY_DEVICE"/>
    <TC Value="11.3.1.2:0"/>
    <TC Value="0.0.0.0:0"/>
    <TC Value="0"/>
    <TC Value="0"/>
    <TC Value="0"/>
    <TC Value="0"/>
    <TC Value="0"/>
    <TC Value="0"/>
    <TC Value="0"/>
    <TC Value="0"/>
    <TC Value="0"/>
    <TC Value="0"/>
    <TC Value="0"/>
   </TR>
   <TR>
    <TC Value="EPC_3"/>
    <TC Value="ANY_DEVICE"/>
    <TC Value="11.2.1.2:0"/>
    <TC Value="0.0.0.0:0"/>
    <TC Value="0"/>
    <TC Value="0"/>
    <TC Value="0"/>
    <TC Value="0"/>
    <TC Value="0"/>
    <TC Value="0"/>
    <TC Value="0"/>
    <TC Value="0"/>
    <TC Value="0"/>
    <TC Value="0"/>
    <TC Value="0"/>
   </TR>
   <TR>
    <TC Value="ROUTER_4"/>
    <TC Value="ANY_DEVICE"/>
    <TC Value="11.1.1.1:0"/>
    <TC Value="0.0.0.0:0"/>
    <TC Value="0"/>
    <TC Value="0"/>
    <TC Value="0"/>
    <TC Value="0"/>
    <TC Value="0"/>
    <TC Value="0"/>
    <TC Value="0"/>
    <TC Value="0"/>
    <TC Value="0"/>
    <TC Value="0"/>
    <TC Value="0"/>
   </TR>
   <TR>
    <TC Value="WIRED_NODE_5"/>
    <TC Value="ANY_DEVICE"/>
    <TC Value="11.1.1.2:0"/>
    <TC Value="0.0.0.0:0"/>
    <TC Value="0"/>
    <TC Value="0"/>
    <TC Value="0"/>
    <TC Value="0"/>
    <TC Value="0"/>
    <TC Value="0"/>
    <TC Value="0"/>
    <TC Value="0"/>
    <TC Value="0"/>
    <TC Value="0"/>
    <TC Value="0"/>
   </TR>
   <TR>
    <TC Value="UE_1_6"/>
    <TC Value="ANY_DEVICE"/>
    <TC Value="11.3.1.3:0"/>
    <TC Value="0.0.0.0:0"/>
    <TC Value="0"/>
    <TC Value="0"/>
    <TC Value="0"/>
    <TC Value="0"/>
    <TC Value="0"/>
    <TC Value="0"/>
    <TC Value="0"/>
    <TC Value="0"/>
    <TC Value="0"/>
    <TC Value="0"/>
    <TC Value="0"/>
   </TR>
   <TR>
    <TC Value="UE_1_7"/>
    <TC Value="ANY_DEVICE"/>
    <TC Value="11.3.1.4:0"/>
    <TC Value="0.0.0.0:0"/>
    <TC Value="0"/>
    <TC Value="0"/>
    <TC Value="0"/>
    <TC Value="0"/>
    <TC Value="0"/>
    <TC Value="0"/>
    <TC Value="0"/>
    <TC Value="0"/>
    <TC Value="0"/>
    <TC Value="0"/>
    <TC Value="0"/>
   </TR>
   <TR>
    <TC Value="UE_1_10"/>
    <TC Value="ANY_DEVICE"/>
    <TC Value="11.4.1.2:0"/>
    <TC Value="0.0.0.0:0"/>
    <TC Value="0"/>
    <TC Value="0"/>
    <TC Value="0"/>
    <TC Value="0"/>
    <TC Value="0"/>
    <TC Value="0"/>
    <TC Value="0"/>
    <TC Value="0"/>
    <TC Value="0"/>
    <TC Value="0"/>
    <TC Value="0"/>
   </TR>
   <TR>
    <TC Value="UE_1_11"/>
    <TC Value="ANY_DEVICE"/>
    <TC Value="11.4.1.3:0"/>
    <TC Value="0.0.0.0:0"/>
    <TC Value="0"/>
    <TC Value="0"/>
    <TC Value="0"/>
    <TC Value="0"/>
    <TC Value="0"/>
    <TC Value="0"/>
    <TC Value="0"/>
    <TC Value="0"/>
    <TC Value="0"/>
    <TC Value="0"/>
    <TC Value="0"/>
   </TR>
   <TR>
    <TC Value="UE_1_12"/>
    <TC Value="ANY_DEVICE"/>
    <TC Value="11.4.1.4:0"/>
    <TC Value="0.0.0.0:0"/>
    <TC Value="0"/>
    <TC Value="0"/>
    <TC Value="0"/>
    <TC Value="0"/>
    <TC Value="0"/>
    <TC Value="0"/>
    <TC Value="0"/>
    <TC Value="0"/>
    <TC Value="0"/>
    <TC Value="0"/>
    <TC Value="0"/>
   </TR>
   <TR>
    <TC Value="UE_1_13"/>
    <TC Value="ANY_DEVICE"/>
    <TC Value="11.5.1.2:0"/>
    <TC Value="0.0.0.0:0"/>
    <TC Value="0"/>
    <TC Value="0"/>
    <TC Value="0"/>
    <TC Value="0"/>
    <TC Value="0"/>
    <TC Value="0"/>
    <TC Value="0"/>
    <TC Value="0"/>
    <TC Value="0"/>
    <TC Value="0"/>
    <TC Value="0"/>
   </TR>
   <TR>
    <TC Value="UE_1_14"/>
    <TC Value="ANY_DEVICE"/>
    <TC Value="11.5.1.3:0"/>
    <TC Value="0.0.0.0:0"/>
    <TC Value="0"/>
    <TC Value="0"/>
    <TC Value="0"/>
    <TC Value="0"/>
    <TC Value="0"/>
    <TC Value="0"/>
    <TC Value="0"/>
    <TC Value="0"/>
    <TC Value="0"/>
    <TC Value="0"/>
    <TC Value="0"/>
   </TR>
   <TR>
    <TC Value="UE_1_15"/>
    <TC Value="ANY_DEVICE"/>
    <TC Value="11.5.1.4:0"/>
    <TC Value="0.0.0.0:0"/>
    <TC Value="0"/>
    <TC Value="0"/>
    <TC Value="0"/>
    <TC Value="0"/>
    <TC Value="0"/>
    <TC Value="0"/>
    <TC Value="0"/>
    <TC Value="0"/>
    <TC Value="0"/>
    <TC Value="0"/>
    <TC Value="0"/>
   </TR>
  </TABLE>
 </MENU>
 <MENU Name="IP_Metrics">
  <TABLE name="IP_Metrics">
   <TH name="Device Id" isShow="true"/>
   <TH name="Packet sent" isShow="true"/>
   <TH name="Packet forwarded" isShow="true"/>
   <TH name="Packet received" isShow="true"/>
   <TH name="Packet discarded" isShow="false"/>
   <TH name="TTL expired" isShow="false"/>
   <TH name="Firewall blocked" isShow="false"/>
   <TR>
    <TC Value="1"/>
    <TC Value="171233"/>
    <TC Value="0"/>
    <TC Value="9990"/>
    <TC Value="0"/>
    <TC Value="0"/>
    <TC Value="0"/>
   </TR>
   <TR>
    <TC Value="3"/>
    <TC Value="78253"/>
    <TC Value="78237"/>
    <TC Value="17"/>
    <TC Value="0"/>
    <TC Value="0"/>
    <TC Value="0"/>
   </TR>
   <TR>
    <TC Value="4"/>
    <TC Value="68183"/>
    <TC Value="68166"/>
    <TC Value="16"/>
    <TC Value="0"/>
    <TC Value="0"/>
    <TC Value="0"/>
   </TR>
   <TR>
    <TC Value="5"/>
    <TC Value="0"/>
    <TC Value="0"/>
    <TC Value="68087"/>
    <TC Value="0"/>
    <TC Value="0"/>
    <TC Value="0"/>
   </TR>
   <TR>
    <TC Value="6"/>
    <TC Value="5000"/>
    <TC Value="0"/>
    <TC Value="0"/>
    <TC Value="0"/>
    <TC Value="0"/>
    <TC Value="0"/>
   </TR>
   <TR>
    <TC Value="7"/>
    <TC Value="5000"/>
    <TC Value="0"/>
    <TC Value="0"/>
    <TC Value="0"/>
    <TC Value="0"/>
    <TC Value="0"/>
   </TR>
   <TR>
    <TC Value="10"/>
    <TC Value="0"/>
    <TC Value="0"/>
    <TC Value="0"/>
    <TC Value="0"/>
    <TC Value="0"/>
    <TC Value="0"/>
   </TR>
   <TR>
    <TC Value="11"/>
    <TC Value="0"/>
    <TC Value="0"/>
    <TC Value="0"/>
    <TC Value="0"/>
    <TC Value="0"/>
    <TC Value="0"/>
   </TR>
   <TR>
    <TC Value="12"/>
    <TC Value="0"/>
    <TC Value="0"/>
    <TC Value="0"/>
    <TC Value="0"/>
    <TC Value="0"/>
    <TC Value="0"/>
   </TR>
   <TR>
    <TC Value="13"/>
    <TC Value="0"/>
    <TC Value="0"/>
    <TC Value="0"/>
    <TC Value="0"/>
    <TC Value="0"/>
    <TC Value="0"/>
   </TR>
   <TR>
    <TC Value="14"/>
    <TC Value="0"/>
    <TC Value="0"/>
    <TC Value="0"/>
    <TC Value="0"/>
    <TC Value="0"/>
    <TC Value="0"/>
   </TR>
   <TR>
    <TC Value="15"/>
    <TC Value="0"/>
    <TC Value="0"/>
    <TC Value="0"/>
    <TC Value="0"/>
    <TC Value="0"/>
    <TC Value="0"/>
   </TR>
  </TABLE>
 </MENU>
 <MENU Name="IP_Forwarding_Table">
  <MENU Name="UE_1">
   <TABLE name="UE_1">
    <TH name="Network Destination" isShow="true"/>
    <TH name="Netmask/Prefix len" isShow="true"/>
    <TH name="Gateway" isShow="true"/>
    <TH name="Interface" isShow="true"/>
    <TH name="Metrics" isShow="false"/>
    <TH name="Type" isShow="false"/>
    <TR>
     <TC Value="224.0.0.1"/>
     <TC Value="255.255.255.255"/>
     <TC Value="on-link"/>
     <TC Value="11.3.1.2 "/>
     <TC Value="306"/>
     <TC Value="MULTICAST"/>
    </TR>
    <TR>
     <TC Value="224.0.0.0"/>
     <TC Value="240.0.0.0"/>
     <TC Value="on-link"/>
     <TC Value="11.3.1.2 "/>
     <TC Value="306"/>
     <TC Value="MULTICAST"/>
    </TR>
    <TR>
     <TC Value="255.255.255.255"/>
     <TC Value="255.255.255.255"/>
     <TC Value="on-link"/>
     <TC Value="11.3.1.2 "/>
     <TC Value="999"/>
     <TC Value="BROADCAST"/>
    </TR>
    <TR>
     <TC Value="0.0.0.0"/>
     <TC Value="0.0.0.0"/>
     <TC Value="11.5.1.1"/>
     <TC Value="11.3.1.2 "/>
     <TC Value="999"/>
     <TC Value="DEFAULT"/>
    </TR>
   </TABLE>
  </MENU>
  <MENU Name="EPC_3">
   <TABLE name="EPC_3">
    <TH name="Network Destination" isShow="true"/>
    <TH name="Netmask/Prefix len" isShow="true"/>
    <TH name="Gateway" isShow="true"/>
    <TH name="Interface" isShow="true"/>
    <TH name="Metrics" isShow="false"/>
    <TH name="Type" isShow="false"/>
    <TR>
     <TC Value="11.2.1.1"/>
     <TC Value="255.255.255.255"/>
     <TC Value="11.2.1.1"/>
     <TC Value="11.2.1.2 "/>
     <TC Value="100"/>
     <TC Value="OSPF"/>
    </TR>
    <TR>
     <TC Value="11.5.0.0"/>
     <TC Value="255.255.0.0"/>
     <TC Value="on-link"/>
     <TC Value="11.5.1.1 "/>
     <TC Value="300"/>
     <TC Value="LOCAL"/>
    </TR>
    <TR>
     <TC Value="11.4.0.0"/>
     <TC Value="255.255.0.0"/>
     <TC Value="on-link"/>
     <TC Value="11.4.1.1 "/>
     <TC Value="300"/>
     <TC Value="LOCAL"/>
    </TR>
    <TR>
     <TC Value="11.3.0.0"/>
     <TC Value="255.255.0.0"/>
     <TC Value="on-link"/>
     <TC Value="11.3.1.1 "/>
     <TC Value="300"/>
     <TC Value="LOCAL"/>
    </TR>
    <TR>
     <TC Value="11.2.0.0"/>
     <TC Value="255.255.0.0"/>
     <TC Value="on-link"/>
     <TC Value="11.2.1.2 "/>
     <TC Value="300"/>
     <TC Value="LOCAL"/>
    </TR>
    <TR>
     <TC Value="224.0.0.1"/>
     <TC Value="255.255.255.255"/>
     <TC Value="on-link"/>
     <TC Value="11.2.1.2 11.3.1.1 11.4.1.1 11.5.1.1 "/>
     <TC Value="306"/>
     <TC Value="MULTICAST"/>
    </TR>
    <TR>
     <TC Value="224.0.0.0"/>
     <TC Value="240.0.0.0"/>
     <TC Value="on-link"/>
     <TC Value="11.2.1.2 11.3.1.1 11.4.1.1 11.5.1.1 "/>
     <TC Value="306"/>
     <TC Value="MULTICAST"/>
    </TR>
    <TR>
     <TC Value="255.255.255.255"/>
     <TC Value="255.255.255.255"/>
     <TC Value="on-link"/>
     <TC Value="11.5.1.1 "/>
     <TC Value="999"/>
     <TC Value="BROADCAST"/>
    </TR>
    <TR>
     <TC Value="255.255.255.255"/>
     <TC Value="255.255.255.255"/>
     <TC Value="on-link"/>
     <TC Value="11.4.1.1 "/>
     <TC Value="999"/>
     <TC Value="BROADCAST"/>
    </TR>
    <TR>
     <TC Value="255.255.255.255"/>
     <TC Value="255.255.255.255"/>
     <TC Value="on-link"/>
     <TC Value="11.3.1.1 "/>
     <TC Value="999"/>
     <TC Value="BROADCAST"/>
    </TR>
   </TABLE>
  </MENU>
  <MENU Name="ROUTER_4">
   <TABLE name="ROUTER_4">
    <TH name="Network Destination" isShow="true"/>
    <TH name="Netmask/Prefix len" isShow="true"/>
    <TH name="Gateway" isShow="true"/>
    <TH name="Interface" isShow="true"/>
    <TH name="Metrics" isShow="false"/>
    <TH name="Type" isShow="false"/>
    <TR>
     <TC Value="11.2.1.2"/>
     <TC Value="255.255.255.255"/>
     <TC Value="11.2.1.2"/>
     <TC Value="11.2.1.1 "/>
     <TC Value="100"/>
     <TC Value="OSPF"/>
    </TR>
    <TR>
     <TC Value="11.2.0.0"/>
     <TC Value="255.255.0.0"/>
     <TC Value="on-link"/>
     <TC Value="11.2.1.1 "/>
     <TC Value="300"/>
     <TC Value="LOCAL"/>
    </TR>
    <TR>
     <TC Value="11.1.0.0"/>
     <TC Value="255.255.0.0"/>
     <TC Value="on-link"/>
     <TC Value="11.1.1.1 "/>
     <TC Value="300"/>
     <TC Value="LOCAL"/>
    </TR>
    <TR>
     <TC Value="224.0.0.1"/>
     <TC Value="255.255.255.255"/>
     <TC Value="on-link"/>
     <TC Value="11.1.1.1 11.2.1.1 "/>
     <TC Value="306"/>
     <TC Value="MULTICAST"/>
    </TR>
    <TR>
     <TC Value="224.0.0.0"/>
     <TC Value="240.0.0.0"/>
     <TC Value="on-link"/>
     <TC Value="11.1.1.1 11.2.1.1 "/>
     <TC Value="306"/>
     <TC Value="MULTICAST"/>
    </TR>
    <TR>
     <TC Value="255.255.255.255"/>
     <TC Value="255.255.255.255"/>
     <TC Value="on-link"/>
     <TC Value="11.1.1.1 "/>
     <TC Value="999"/>
     <TC Value="BROADCAST"/>
    </TR>
   </TABLE>
  </MENU>
  <MENU Name="WIRED_NODE_5">
   <TABLE name="WIRED_NODE_5">
    <TH name="Network Destination" isShow="true"/>
    <TH name="Netmask/Prefix len" isShow="true"/>
    <TH name="Gateway" isShow="true"/>
    <TH name="Interface" isShow="true"/>
    <TH name="Metrics" isShow="false"/>
    <TH name="Type" isShow="false"/>
    <TR>
     <TC Value="11.1.0.0"/>
     <TC Value="255.255.0.0"/>
     <TC Value="on-link"/>
     <TC Value="11.1.1.2 "/>
     <TC Value="300"/>
     <TC Value="LOCAL"/>
    </TR>
    <TR>
     <TC Value="224.0.0.1"/>
     <TC Value="255.255.255.255"/>
     <TC Value="on-link"/>
     <TC Value="11.1.1.2 "/>
     <TC Value="306"/>
     <TC Value="MULTICAST"/>
    </TR>
    <TR>
     <TC Value="224.0.0.0"/>
     <TC Value="240.0.0.0"/>
     <TC Value="on-link"/>
     <TC Value="11.1.1.2 "/>
     <TC Value="306"/>
     <TC Value="MULTICAST"/>
    </TR>
    <TR>
     <TC Value="255.255.255.255"/>
     <TC Value="255.255.255.255"/>
     <TC Value="on-link"/>
     <TC Value="11.1.1.2 "/>
     <TC Value="999"/>
     <TC Value="BROADCAST"/>
    </TR>
    <TR>
     <TC Value="0.0.0.0"/>
     <TC Value="0.0.0.0"/>
     <TC Value="11.1.1.1"/>
     <TC Value="11.1.1.2 "/>
     <TC Value="999"/>
     <TC Value="DEFAULT"/>
    </TR>
   </TABLE>
  </MENU>
  <MENU Name="UE_1_6">
   <TABLE name="UE_1_6">
    <TH name="Network Destination" isShow="true"/>
    <TH name="Netmask/Prefix len" isShow="true"/>
    <TH name="Gateway" isShow="true"/>
    <TH name="Interface" isShow="true"/>
    <TH name="Metrics" isShow="false"/>
    <TH name="Type" isShow="false"/>
    <TR>
     <TC Value="224.0.0.1"/>
     <TC Value="255.255.255.255"/>
     <TC Value="on-link"/>
     <TC Value="11.3.1.3 "/>
     <TC Value="306"/>
     <TC Value="MULTICAST"/>
    </TR>
    <TR>
     <TC Value="224.0.0.0"/>
     <TC Value="240.0.0.0"/>
     <TC Value="on-link"/>
     <TC Value="11.3.1.3 "/>
     <TC Value="306"/>
     <TC Value="MULTICAST"/>
    </TR>
    <TR>
     <TC Value="255.255.255.255"/>
     <TC Value="255.255.255.255"/>
     <TC Value="on-link"/>
     <TC Value="11.3.1.3 "/>
     <TC Value="999"/>
     <TC Value="BROADCAST"/>
    </TR>
    <TR>
     <TC Value="0.0.0.0"/>
     <TC Value="0.0.0.0"/>
     <TC Value="11.5.1.1"/>
     <TC Value="11.3.1.3 "/>
     <TC Value="999"/>
     <TC Value="DEFAULT"/>
    </TR>
   </TABLE>
  </MENU>
  <MENU Name="UE_1_7">
   <TABLE name="UE_1_7">
    <TH name="Network Destination" isShow="true"/>
    <TH name="Netmask/Prefix len" isShow="true"/>
    <TH name="Gateway" isShow="true"/>
    <TH name="Interface" isShow="true"/>
    <TH name="Metrics" isShow="false"/>
    <TH name="Type" isShow="false"/>
    <TR>
     <TC Value="224.0.0.1"/>
     <TC Value="255.255.255.255"/>
     <TC Value="on-link"/>
     <TC Value="11.3.1.4 "/>
     <TC Value="306"/>
     <TC Value="MULTICAST"/>
    </TR>
    <TR>
     <TC Value="224.0.0.0"/>
     <TC Value="240.0.0.0"/>
     <TC Value="on-link"/>
     <TC Value="11.3.1.4 "/>
     <TC Value="306"/>
     <TC Value="MULTICAST"/>
    </TR>
    <TR>
     <TC Value="255.255.255.255"/>
     <TC Value="255.255.255.255"/>
     <TC Value="on-link"/>
     <TC Value="11.3.1.4 "/>
     <TC Value="999"/>
     <TC Value="BROADCAST"/>
    </TR>
    <TR>
     <TC Value="0.0.0.0"/>
     <TC Value="0.0.0.0"/>
     <TC Value="11.5.1.1"/>
     <TC Value="11.3.1.4 "/>
     <TC Value="999"/>
     <TC Value="DEFAULT"/>
    </TR>
   </TABLE>
  </MENU>
  <MENU Name="UE_1_10">
   <TABLE name="UE_1_10">
    <TH name="Network Destination" isShow="true"/>
    <TH name="Netmask/Prefix len" isShow="true"/>
    <TH name="Gateway" isShow="true"/>
    <TH name="Interface" isShow="true"/>
    <TH name="Metrics" isShow="false"/>
    <TH name="Type" isShow="false"/>
    <TR>
     <TC Value="224.0.0.1"/>
     <TC Value="255.255.255.255"/>
     <TC Value="on-link"/>
     <TC Value="11.4.1.2 "/>
     <TC Value="306"/>
     <TC Value="MULTICAST"/>
    </TR>
    <TR>
     <TC Value="224.0.0.0"/>
     <TC Value="240.0.0.0"/>
     <TC Value="on-link"/>
     <TC Value="11.4.1.2 "/>
     <TC Value="306"/>
     <TC Value="MULTICAST"/>
    </TR>
    <TR>
     <TC Value="255.255.255.255"/>
     <TC Value="255.255.255.255"/>
     <TC Value="on-link"/>
     <TC Value="11.4.1.2 "/>
     <TC Value="999"/>
     <TC Value="BROADCAST"/>
    </TR>
    <TR>
     <TC Value="0.0.0.0"/>
     <TC Value="0.0.0.0"/>
     <TC Value="11.5.1.1"/>
     <TC Value="11.4.1.2 "/>
     <TC Value="999"/>
     <TC Value="DEFAULT"/>
    </TR>
   </TABLE>
  </MENU>
  <MENU Name="UE_1_11">
   <TABLE name="UE_1_11">
    <TH name="Network Destination" isShow="true"/>
    <TH name="Netmask/Prefix len" isShow="true"/>
    <TH name="Gateway" isShow="true"/>
    <TH name="Interface" isShow="true"/>
    <TH name="Metrics" isShow="false"/>
    <TH name="Type" isShow="false"/>
    <TR>
     <TC Value="224.0.0.1"/>
     <TC Value="255.255.255.255"/>
     <TC Value="on-link"/>
     <TC Value="11.4.1.3 "/>
     <TC Value="306"/>
     <TC Value="MULTICAST"/>
    </TR>
    <TR>
     <TC Value="224.0.0.0"/>
     <TC Value="240.0.0.0"/>
     <TC Value="on-link"/>
     <TC Value="11.4.1.3 "/>
     <TC Value="306"/>
     <TC Value="MULTICAST"/>
    </TR>
    <TR>
     <TC Value="255.255.255.255"/>
     <TC Value="255.255.255.255"/>
     <TC Value="on-link"/>
     <TC Value="11.4.1.3 "/>
     <TC Value="999"/>
     <TC Value="BROADCAST"/>
    </TR>
    <TR>
     <TC Value="0.0.0.0"/>
     <TC Value="0.0.0.0"/>
     <TC Value="11.5.1.1"/>
     <TC Value="11.4.1.3 "/>
     <TC Value="999"/>
     <TC Value="DEFAULT"/>
    </TR>
   </TABLE>
  </MENU>
  <MENU Name="UE_1_12">
   <TABLE name="UE_1_12">
    <TH name="Network Destination" isShow="true"/>
    <TH name="Netmask/Prefix len" isShow="true"/>
    <TH name="Gateway" isShow="true"/>
    <TH name="Interface" isShow="true"/>
    <TH name="Metrics" isShow="false"/>
    <TH name="Type" isShow="false"/>
    <TR>
     <TC Value="224.0.0.1"/>
     <TC Value="255.255.255.255"/>
     <TC Value="on-link"/>
     <TC Value="11.4.1.4 "/>
     <TC Value="306"/>
     <TC Value="MULTICAST"/>
    </TR>
    <TR>
     <TC Value="224.0.0.0"/>
     <TC Value="240.0.0.0"/>
     <TC Value="on-link"/>
     <TC Value="11.4.1.4 "/>
     <TC Value="306"/>
     <TC Value="MULTICAST"/>
    </TR>
    <TR>
     <TC Value="255.255.255.255"/>
     <TC Value="255.255.255.255"/>
     <TC Value="on-link"/>
     <TC Value="11.4.1.4 "/>
     <TC Value="999"/>
     <TC Value="BROADCAST"/>
    </TR>
    <TR>
     <TC Value="0.0.0.0"/>
     <TC Value="0.0.0.0"/>
     <TC Value="11.5.1.1"/>
     <TC Value="11.4.1.4 "/>
     <TC Value="999"/>
     <TC Value="DEFAULT"/>
    </TR>
   </TABLE>
  </MENU>
  <MENU Name="UE_1_13">
   <TABLE name="UE_1_13">
    <TH name="Network Destination" isShow="true"/>
    <TH name="Netmask/Prefix len" isShow="true"/>
    <TH name="Gateway" isShow="true"/>
    <TH name="Interface" isShow="true"/>
    <TH name="Metrics" isShow="false"/>
    <TH name="Type" isShow="false"/>
    <TR>
     <TC Value="224.0.0.1"/>
     <TC Value="255.255.255.255"/>
     <TC Value="on-link"/>
     <TC Value="11.5.1.2 "/>
     <TC Value="306"/>
     <TC Value="MULTICAST"/>
    </TR>
    <TR>
     <TC Value="224.0.0.0"/>
     <TC Value="240.0.0.0"/>
     <TC Value="on-link"/>
     <TC Value="11.5.1.2 "/>
     <TC Value="306"/>
     <TC Value="MULTICAST"/>
    </TR>
    <TR>
     <TC Value="255.255.255.255"/>
     <TC Value="255.255.255.255"/>
     <TC Value="on-link"/>
     <TC Value="11.5.1.2 "/>
     <TC Value="999"/>
     <TC Value="BROADCAST"/>
    </TR>
    <TR>
     <TC Value="0.0.0.0"/>
     <TC Value="0.0.0.0"/>
     <TC Value="11.5.1.1"/>
     <TC Value="11.5.1.2 "/>
     <TC Value="999"/>
     <TC Value="DEFAULT"/>
    </TR>
   </TABLE>
  </MENU>
  <MENU Name="UE_1_14">
   <TABLE name="UE_1_14">
    <TH name="Network Destination" isShow="true"/>
    <TH name="Netmask/Prefix len" isShow="true"/>
    <TH name="Gateway" isShow="true"/>
    <TH name="Interface" isShow="true"/>
    <TH name="Metrics" isShow="false"/>
    <TH name="Type" isShow="false"/>
    <TR>
     <TC Value="224.0.0.1"/>
     <TC Value="255.255.255.255"/>
     <TC Value="on-link"/>
     <TC Value="11.5.1.3 "/>
     <TC Value="306"/>
     <TC Value="MULTICAST"/>
    </TR>
    <TR>
     <TC Value="224.0.0.0"/>
     <TC Value="240.0.0.0"/>
     <TC Value="on-link"/>
     <TC Value="11.5.1.3 "/>
     <TC Value="306"/>
     <TC Value="MULTICAST"/>
    </TR>
    <TR>
     <TC Value="255.255.255.255"/>
     <TC Value="255.255.255.255"/>
     <TC Value="on-link"/>
     <TC Value="11.5.1.3 "/>
     <TC Value="999"/>
     <TC Value="BROADCAST"/>
    </TR>
    <TR>
     <TC Value="0.0.0.0"/>
     <TC Value="0.0.0.0"/>
     <TC Value="11.5.1.1"/>
     <TC Value="11.5.1.3 "/>
     <TC Value="999"/>
     <TC Value="DEFAULT"/>
    </TR>
   </TABLE>
  </MENU>
  <MENU Name="UE_1_15">
   <TABLE name="UE_1_15">
    <TH name="Network Destination" isShow="true"/>
    <TH name="Netmask/Prefix len" isShow="true"/>
    <TH name="Gateway" isShow="true"/>
    <TH name="Interface" isShow="true"/>
    <TH name="Metrics" isShow="false"/>
    <TH name="Type" isShow="false"/>
    <TR>
     <TC Value="224.0.0.1"/>
     <TC Value="255.255.255.255"/>
     <TC Value="on-link"/>
     <TC Value="11.5.1.4 "/>
     <TC Value="306"/>
     <TC Value="MULTICAST"/>
    </TR>
    <TR>
     <TC Value="224.0.0.0"/>
     <TC Value="240.0.0.0"/>
     <TC Value="on-link"/>
     <TC Value="11.5.1.4 "/>
     <TC Value="306"/>
     <TC Value="MULTICAST"/>
    </TR>
    <TR>
     <TC Value="255.255.255.255"/>
     <TC Value="255.255.255.255"/>
     <TC Value="on-link"/>
     <TC Value="11.5.1.4 "/>
     <TC Value="999"/>
     <TC Value="BROADCAST"/>
    </TR>
    <TR>
     <TC Value="0.0.0.0"/>
     <TC Value="0.0.0.0"/>
     <TC Value="11.5.1.1"/>
     <TC Value="11.5.1.4 "/>
     <TC Value="999"/>
     <TC Value="DEFAULT"/>
    </TR>
   </TABLE>
  </MENU>
 </MENU>
 <MENU Name="UDP Metrics">
  <TABLE name="UDP Metrics">
   <TH name="Device id" isShow="true"/>
   <TH name="Local address" isShow="true"/>
   <TH name="Foreign address" isShow="true"/>
   <TH name="Datagram sent" isShow="true"/>
   <TH name="Datagram received" isShow="true"/>
   <TR>
    <TC Value="1"/>
    <TC Value="11.3.1.2:12668"/>
    <TC Value="11.1.1.2:53000"/>
    <TC Value="171233"/>
    <TC Value="0"/>
   </TR>
   <TR>
    <TC Value="1"/>
    <TC Value="11.3.1.2:36934"/>
    <TC Value="11.3.1.3:82"/>
    <TC Value="0"/>
    <TC Value="4995"/>
   </TR>
   <TR>
    <TC Value="1"/>
    <TC Value="11.3.1.2:31448"/>
    <TC Value="11.3.1.4:38338"/>
    <TC Value="0"/>
    <TC Value="4995"/>
   </TR>
   <TR>
    <TC Value="5"/>
    <TC Value="11.1.1.2:53000"/>
    <TC Value="11.3.1.2:12668"/>
    <TC Value="0"/>
    <TC Value="68087"/>
   </TR>
   <TR>
    <TC Value="6"/>
    <TC Value="11.3.1.3:82"/>
    <TC Value="11.3.1.2:36934"/>
    <TC Value="5000"/>
    <TC Value="0"/>
   </TR>
   <TR>
    <TC Value="7"/>
    <TC Value="11.3.1.4:38338"/>
    <TC Value="11.3.1.2:31448"/>
    <TC Value="5000"/>
    <TC Value="0"/>
   </TR>
  </TABLE>
 </MENU>
 <MENU Name="Application_Metrics">
  <TABLE name="Application_Metrics">
   <TH name="Application ID" isShow="true"/>
   <TH name="Throughput Plot" isShow="true"/>
   <TH name="Application Name" isShow="true"/>
   <TH name="Source ID" isShow="false"/>
   <TH name="Destination ID" isShow="false"/>
   <TH name="Packets Generated" isShow="true"/>
   <TH name="Packets Received" isShow="true"/>
   <TH name="Payload generated (bytes)" isShow="false"/>
   <TH name="Payload received (bytes)" isShow="false"/>
   <TH name="Throughput (Mbps)" isShow="true"/>
   <TH name="Delay (microsec)" isShow="true"/>
   <TH name="Jitter (microsec)" isShow="true"/>
   <TR>
    <TC Value="8"/>
    <TC Value="N/A"/>
    <TC Value="App8_CBR"/>
    <TC Value="6"/>
    <TC Value="1"/>
    <TC Value="5000"/>
    <TC Value="4995"/>
    <TC Value="7300000"/>
    <TC Value="7292700"/>
    <TC Value="0.583416"/>
    <TC Value="2500.000000"/>
    <TC Value="0.000000"/>
   </TR>
   <TR>
    <TC Value="1"/>
    <TC>
     <LINK onClick="App1_CBR_Throughput" name="Application_Throughput_plot"/>
    </TC>
    <TC Value="App1_CBR"/>
    <TC Value="1"/>
    <TC Value="5"/>
    <TC Value="171233"/>
    <TC Value="68087"/>
    <TC Value="250000180"/>
    <TC Value="99407020"/>
    <TC Value="7.952562"/>
    <TC Value="30032280.163215"/>
    <TC Value="1151.461157"/>
   </TR>
   <TR>
    <TC Value="9"/>
    <TC Value="N/A"/>
    <TC Value="App9_CBR"/>
    <TC Value="7"/>
    <TC Value="1"/>
    <TC Value="5000"/>
    <TC Value="4995"/>
    <TC Value="7300000"/>
    <TC Value="7292700"/>
    <TC Value="0.583416"/>
    <TC Value="4011.911912"/>
    <TC Value="1000.800961"/>
   </TR>
  </TABLE>
 </MENU>
 <MENU Name="LTENR_Cell_Metrics">
  <TABLE name="LTENR_Cell_Metrics">
   <TH name="gNB/eNB Name" isShow="true"/>
   <TH name="gNB/eNB Interface ID" isShow="true"/>
   <TH name="PDSCH Bytes Transmitted (bytes)" isShow="false"/>
   <TH name="PUSCH Bytes Transmitted (bytes)" isShow="false"/>
   <TH name="PDSCH Throughput (Mbps)" isShow="true"/>
   <TH name="PUSCH Throughput (Mbps)" isShow="true"/>
   <TR>
    <TC Value="ENB_2"/>
    <TC Value="2"/>
    <TC Value="14665320.000000"/>
    <TC Value="116416656.000000"/>
    <TC Value="1.173226"/>
    <TC Value="9.313332"/>
   </TR>
   <TR>
    <TC Value="ENB_2_8"/>
    <TC Value="2"/>
    <TC Value="0.000000"/>
    <TC Value="0.000000"/>
    <TC Value="0.000000"/>
    <TC Value="0.000000"/>
   </TR>
   <TR>
    <TC Value="ENB_2_9"/>
    <TC Value="2"/>
    <TC Value="0.000000"/>
    <TC Value="0.000000"/>
    <TC Value="0.000000"/>
    <TC Value="0.000000"/>
   </TR>
  </TABLE>
 </MENU>
<MENU Name="Plots">
 <MENU Name="Link_Throughput">
  <MENU Name="Link_1_Throughput (Bi-directional Aggregated)">
   <PLOT data_file_name="C:\Users\CBEN~4.U4C\AppData\Local\Temp\NetSim/std_13.2/\plot_Link_1_Throughput (Bi-directional Aggregated).txt" name="Link_1_Throughput (Bi-directional Aggregated)"/>
  </MENU>
  <MENU Name="Link_2_Throughput (Bi-directional Aggregated)">
   <PLOT data_file_name="C:\Users\CBEN~4.U4C\AppData\Local\Temp\NetSim/std_13.2/\plot_Link_2_Throughput (Bi-directional Aggregated).txt" name="Link_2_Throughput (Bi-directional Aggregated)"/>
  </MENU>
  <MENU Name="Link_3_Throughput (Bi-directional Aggregated)">
   <PLOT data_file_name="C:\Users\CBEN~4.U4C\AppData\Local\Temp\NetSim/std_13.2/\plot_Link_3_Throughput (Bi-directional Aggregated).txt" name="Link_3_Throughput (Bi-directional Aggregated)"/>
  </MENU>
  <MENU Name="Link_4_Throughput (Bi-directional Aggregated)">
   <PLOT data_file_name="C:\Users\CBEN~4.U4C\AppData\Local\Temp\NetSim/std_13.2/\plot_Link_4_Throughput (Bi-directional Aggregated).txt" name="Link_4_Throughput (Bi-directional Aggregated)"/>
  </MENU>
 </MENU>
 <MENU Name="Application_Throughput">
  <MENU Name="App1_CBR_Throughput">
   <PLOT data_file_name="C:\Users\CBEN~4.U4C\AppData\Local\Temp\NetSim/std_13.2/\plot_App1_CBR_Throughput.txt" name="App1_CBR_Throughput"/>
  </MENU>
 </MENU>
</MENU>
</NetSim_Metrics>
